100644 a7d195fc7f7a4329ecd761af5cd58331a9a373f0 0	SHOP-1-DETAIL-PAGES-BUILDPROMPT.md
100644 1524ed0bd92d1e73751fc4fc5bfcf54a55975299 0	SHOP-2-CHECKOUT-BUILDPROMPT.md
100644 92fa7da9e1c577758ac38d9b4664c82d8d75200e 0	assets/cart.css
100644 fea52fe131c55682fc62735c6a068f3023ef7660 0	assets/cart.js
100644 b2ffc8a7bf471c17512405f1fe1d9064f29d14c0 0	assets/checkout.js
100644 c2bfb3a7989c93f9c29c0830da2567b5da15fcef 0	assets/icons/nav/shop.svg
100644 a30601f585fa12a7d67513f3cb04c1f9ab1b5d38 0	assets/icons/rail-shop.svg
100644 43422a0b314ab735a89e4e01d1418cf14b2766b0 0	assets/images/shop/CREDITS.txt
100644 58f1b57209603e727ddc0489c3bacf0c07937d1e 0	assets/images/shop/_genlist.json
100644 3724320a906fe05d34c29e4e6c9731b754d7e8e6 0	assets/images/shop/_manifest.json
100644 b31eec0ab7027b2b8df3daa0e2a6daa169e1812d 0	assets/images/shop/creator-adia-chan.jpg
100644 d0796f8e54e6e095060c28ccb78a04b0a873d86c 0	assets/images/shop/creator-adia-chan.webp
100644 f27535217dc9e9a35e8d2f5e680008ec235abfdd 0	assets/images/shop/creator-andy-lau.jpg
100644 518a58f42089b9c2ff4168c3ff6654d7c326f1df 0	assets/images/shop/creator-andy-lau.webp
100644 134122db405ee6a986a32da9c2026b5a0ab61902 0	assets/images/shop/creator-eason-chan.jpg
100644 497487cc7ad8f149c8ee2dbc1a69a4f9a77abd30 0	assets/images/shop/creator-eason-chan.webp
100644 1254c7e24278072476c676e6269e27f858b5be1c 0	assets/images/shop/creator-eric-chou.jpg
100644 a50c4d9be9b982e831296ec08019f5e2f45ffc83 0	assets/images/shop/creator-eric-chou.webp
100644 ea409d032eee21203b7703d735d206763512d1dc 0	assets/images/shop/creator-jacky-cheung.jpg
100644 7882ecd268bb9106bb92e91dace92e6c577156a6 0	assets/images/shop/creator-jacky-cheung.webp
100644 3fabe9359373da692675dff2fd7bf57280f379b8 0	assets/images/shop/creator-jay-chou.jpg
100644 b1081866e4f00d43e79a8e8bfa66e222ac334efd 0	assets/images/shop/creator-jay-chou.webp
100644 f17cbf5ef2032d7c15aea451ddedba036f6ba826 0	assets/images/shop/creator-jolin-tsai.jpg
100644 1587f387a556413bf046845f0f9bf59e302ece7f 0	assets/images/shop/creator-jolin-tsai.webp
100644 14cdf200b4ebf924ce70821a5e51be1e674e4fef 0	assets/images/shop/creator-nicholas-tse.jpg
100644 c7466458fa8b08c41f47a3b4971b44e6a549e1ce 0	assets/images/shop/creator-nicholas-tse.webp
100644 a4f241c9893b47f0e8bd347993c7e7f574778eef 0	assets/images/shop/creator-rainie-yang.jpg
100644 bb986a32c735b8c1143acac2c23090790d7c64c2 0	assets/images/shop/creator-rainie-yang.webp
100644 eea562f9cb1a004464bf1f3679367d22cdea6f44 0	assets/images/shop/creator-tsai-a-ga.jpg
100644 deba332c88a60c18346a7af5effc68fadea06e52 0	assets/images/shop/creator-tsai-a-ga.webp
100644 bdc90b99596c0588c549dd3f26728655aef573d3 0	assets/images/shop/creator-wei-te-sheng.jpg
100644 e01658adba9c23d88d456fe92490a3659faa8f31 0	assets/images/shop/creator-wei-te-sheng.webp
100644 24d785d05aa62ba1e29c62451cdd28a890e2008c 0	assets/images/shop/creator-wong-kar-wai.jpg
100644 d189bb940da7c886cbdc0ec550835e0945266a61 0	assets/images/shop/creator-wong-kar-wai.webp
100644 d7af45444e83f898c2579c50ef51420feef1811b 0	assets/images/shop/g/album-0.jpg
100644 80d18efe387dde39dce967198497d6e22c98a537 0	assets/images/shop/g/album-0.webp
100644 a3507a514eed3a6318c4e8d0184009b3db244098 0	assets/images/shop/g/album-1.jpg
100644 23114199e3f10cc528a82edc81ed686c8888b0f4 0	assets/images/shop/g/album-1.webp
100644 59f2c96c09a6defe623d992499a1dfe901030a42 0	assets/images/shop/g/album-2.jpg
100644 79341266a6b7c188e9fae97aa98b6d95fbad06fe 0	assets/images/shop/g/album-2.webp
100644 52a1bd6a24a716df402c731a101bbcb1c21482bf 0	assets/images/shop/g/album-3.jpg
100644 8b2d15ff2bac5671c0c08428491e8c8c115a413b 0	assets/images/shop/g/album-3.webp
100644 4422efe63d51c7b589512de3a5335db7ec867217 0	assets/images/shop/g/bag-0.jpg
100644 593905f0032fe4b905d410eed2ae1e0f64bd2efd 0	assets/images/shop/g/bag-0.webp
100644 c7d4301127897adcff5549972d8bccc4b9bfa161 0	assets/images/shop/g/bag-1.jpg
100644 135326dbf479a5d18c1cba6e285caddfb9fce555 0	assets/images/shop/g/bag-1.webp
100644 af46e1407e4cb094f710ad3589aa1b46aa09fa83 0	assets/images/shop/g/bag-2.jpg
100644 2d1b57f2a0c42470f3c6eb55b0854053745f25e2 0	assets/images/shop/g/bag-2.webp
100644 36f515b089a5e261515377cd287254bbc0c45548 0	assets/images/shop/g/bag-3.jpg
100644 bcfe303a478b6269992e0938e564d5fc7e239d4e 0	assets/images/shop/g/bag-3.webp
100644 0f3229a25ebb17ef018f6da29d4becadc2d87a28 0	assets/images/shop/g/book-0.jpg
100644 aa8077980ec443cb13c49f84a7eea3cf5e40e3ca 0	assets/images/shop/g/book-0.webp
100644 638f70a8fc0eb6e6250d87fce71e7cbf04a830f6 0	assets/images/shop/g/book-1.jpg
100644 e4b4c7d7da4ec234173059699c52ddfe672d53c5 0	assets/images/shop/g/book-1.webp
100644 b54c2ae942184823126b46f53b3bb7767b99072b 0	assets/images/shop/g/book-2.jpg
100644 2e4b0929249c1cf1c74723e596b6c099ada97e28 0	assets/images/shop/g/book-2.webp
100644 1290737d3a32b7e7df6eaa024ba3193e804f5397 0	assets/images/shop/g/book-3.jpg
100644 65599e9c214dce1fdaa4714a9d34e2e0433ec119 0	assets/images/shop/g/book-3.webp
100644 a7cc2107b6f30a21055510bb017bca02025fe7db 0	assets/images/shop/g/cap-0.jpg
100644 f7241fa209531ef7a68436558b364264976fad2e 0	assets/images/shop/g/cap-0.webp
100644 40d3394eb250e7db9db497accdd78c16c18d7dca 0	assets/images/shop/g/cap-1.jpg
100644 6da4e2f9287c58d8f88521c795eaa8fd67eeef74 0	assets/images/shop/g/cap-1.webp
100644 f4b4706b5f8cf763ac1913b7e0ac6e7f7fe94cd0 0	assets/images/shop/g/cap-2.jpg
100644 a273d48861ac785de680449e62574968e337de0b 0	assets/images/shop/g/cap-2.webp
100644 3efc3927cfdd6a2a68108c50bcd34f9c92854597 0	assets/images/shop/g/cap-3.jpg
100644 f3af09813caf61397c5fea4af1c7f843671e72f5 0	assets/images/shop/g/cap-3.webp
100644 bdb47e107dd0476fd93c62eb9ee583e2d76201e3 0	assets/images/shop/g/cards-0.jpg
100644 2a2bd212eb12a8191356a526bfda79e7c51a7220 0	assets/images/shop/g/cards-0.webp
100644 749caa2bfdf6b646131ff5facbf4b8c04df3d202 0	assets/images/shop/g/cards-1.jpg
100644 74eba60d6f798d0acd6286cf8c8bd21d22d04d02 0	assets/images/shop/g/cards-1.webp
100644 9a6875f651494887ac4fc907019c6b08276f7145 0	assets/images/shop/g/cards-2.jpg
100644 00888781ed6cc9e61d2e0ddab918764488aa9f90 0	assets/images/shop/g/cards-2.webp
100644 a2641207bc7fdd63895d360e87daca4c06e5ef56 0	assets/images/shop/g/cards-3.jpg
100644 1c28d6c410ca4834083ebab103eb54c4d047767b 0	assets/images/shop/g/cards-3.webp
100644 ba7ef9999cd01756b2452f90c0964c5e2f9d9aa7 0	assets/images/shop/g/costume-0.jpg
100644 37cd18b38374888c6a836a21f9bdb9e27b393208 0	assets/images/shop/g/costume-0.webp
100644 a476c236ce7d9eddd43344c1098e6203bca9f598 0	assets/images/shop/g/costume-1.jpg
100644 3ef4b8b1ce5372bdef7e5e1a7a1fb768b9ca3c29 0	assets/images/shop/g/costume-1.webp
100644 aaa0bcf373cda5e89af584a439019c9cf442957f 0	assets/images/shop/g/costume-2.jpg
100644 2ba91fe61dfa4007e34807218f66f6549ef1d24c 0	assets/images/shop/g/costume-2.webp
100644 e5c53a6d743dc1d5caa48d07b832cd5591f858cd 0	assets/images/shop/g/costume-3.jpg
100644 d59bc61f475645e4b1212bec6e8c9c095bbe51a0 0	assets/images/shop/g/costume-3.webp
100644 013fc15ba47c80d3992475a8c8d2c3631851fd0d 0	assets/images/shop/g/cup-0.jpg
100644 bf877a6907fd65660d3b5a31711b21fa56715fac 0	assets/images/shop/g/cup-0.webp
100644 878fdfb769c3fdf79bec11aac5fbb98cbb471cdf 0	assets/images/shop/g/cup-1.jpg
100644 a06deffb69c8652267d41d7ff13663f273276cf8 0	assets/images/shop/g/cup-1.webp
100644 09a6e455fa4442def02d354f0aab0665a3d8a22d 0	assets/images/shop/g/cup-2.jpg
100644 a12dd51af826baab6c792eba9b3095068ae8fada 0	assets/images/shop/g/cup-2.webp
100644 36d842ba929c4d140ca046d626964397a0841299 0	assets/images/shop/g/cup-3.jpg
100644 c819b4b222d14eec914cd81550c42b5cef4eb6ef 0	assets/images/shop/g/cup-3.webp
100644 3b5a9700fd08fca0cd80476d27daa5c3e4e8ea02 0	assets/images/shop/g/digital-0.jpg
100644 24537be4897ac05251139fd998ac205ba7798802 0	assets/images/shop/g/digital-0.webp
100644 48a59abf2ec83f14a10e93c793291ce1f58c3ed6 0	assets/images/shop/g/digital-1.jpg
100644 90c36efc69b33804fca7276470a29c0b923eb2b2 0	assets/images/shop/g/digital-1.webp
100644 ff616e1ffe4c3702b9ade61f5c1f1655a062f272 0	assets/images/shop/g/digital-2.jpg
100644 7fcb64b7d17db46224ae7fce94d19fde46526469 0	assets/images/shop/g/digital-2.webp
100644 e97e0b5440030ec01349e01afecbfa186e10d0ba 0	assets/images/shop/g/digital-3.jpg
100644 54735d190848d569d3cad86eee8c0a5b2febe059 0	assets/images/shop/g/digital-3.webp
100644 2b3e7b70ba037cb61685642fe5f51bf8ed16e61e 0	assets/images/shop/g/figure-0.jpg
100644 65f7aba7395355f6cf87b14d9b1d6252d2822060 0	assets/images/shop/g/figure-0.webp
100644 17a260ec05020969b6d3df08bb77b15782c4c63f 0	assets/images/shop/g/figure-1.jpg
100644 fb4928ef567801d760d24bab544f32c5230ceee6 0	assets/images/shop/g/figure-1.webp
100644 43bcba5186274d9cc01459106d5fc100c25c0c2b 0	assets/images/shop/g/figure-2.jpg
100644 babb39a159b3565be5046ce18919bc652af59f3f 0	assets/images/shop/g/figure-2.webp
100644 90677a284af6be288d1dd70b65053de4920fba4e 0	assets/images/shop/g/figure-3.jpg
100644 f83aa7a889ff5ff6f9cc4c3d60d690481a5eb018 0	assets/images/shop/g/figure-3.webp
100644 30562105c6e95b0a344f918c74f518c2c4f5d692 0	assets/images/shop/g/homeware-0.jpg
100644 b1fd7c25c5401286fba87cff763b810e996c8f10 0	assets/images/shop/g/homeware-0.webp
100644 fac4b213e1c2c85252be19f8bd489ba7378cbff9 0	assets/images/shop/g/homeware-1.jpg
100644 24d56bd0f61aa656de4dab36504316e2327ca6be 0	assets/images/shop/g/homeware-1.webp
100644 a4e4a3d148aa5686f0ff97929445984c5cbf99ef 0	assets/images/shop/g/homeware-2.jpg
100644 dd4281c65a9870c978bd0c5ce69a7fb7ee7c79f4 0	assets/images/shop/g/homeware-2.webp
100644 425127a9d3d142edbf28e0c2d1b8396198db807c 0	assets/images/shop/g/homeware-3.jpg
100644 40e41d5b315a9dc6ce42d2957d4e2fa3f6105b92 0	assets/images/shop/g/homeware-3.webp
100644 f27d820d09f98768095ef103a5df2baac5ff92c1 0	assets/images/shop/g/jacket-0.jpg
100644 cdfd7a561fb9430e1500a265cd2b415fe5a5acd4 0	assets/images/shop/g/jacket-0.webp
100644 f423e3da8994cd1ab8c2025f4604040549516920 0	assets/images/shop/g/jacket-1.jpg
100644 85da78610317e81332d2fb25437ebdb0d0d86c46 0	assets/images/shop/g/jacket-1.webp
100644 edbc4090f5a248b8774c8913b1fb301ab90ff3f6 0	assets/images/shop/g/jacket-2.jpg
100644 ae37c3cd8305f7c5422c737fce7f3ff0c87fd3ce 0	assets/images/shop/g/jacket-2.webp
100644 20eda67c71c26c01680c2081e38304c1313d6393 0	assets/images/shop/g/jacket-3.jpg
100644 049e0741660a322c5c0b6e37e46e209cdac30334 0	assets/images/shop/g/jacket-3.webp
100644 4c59cb7d5f1f157d42f5e76e74f677563982ff4e 0	assets/images/shop/g/manuscript-0.jpg
100644 22969d1640bd216ece8fe465041ad68b3b975ebe 0	assets/images/shop/g/manuscript-0.webp
100644 db19636822e607f8e4cc8712c6712399eb1d9bd9 0	assets/images/shop/g/manuscript-1.jpg
100644 2d0d0ce5e14abf2f322f5f5ef2cca319d4292169 0	assets/images/shop/g/manuscript-1.webp
100644 e03322ee8edc1ed6f55bf226140a7c8a0a8c4fd2 0	assets/images/shop/g/manuscript-2.jpg
100644 d5f939c27aa37acf07eca5381ba61e93c9fc21da 0	assets/images/shop/g/manuscript-2.webp
100644 c0baf99f7ec554042de348395b727d1fdbd6eeda 0	assets/images/shop/g/manuscript-3.jpg
100644 617b67a5ac6dd45f5bbd3f22729a109d3795ffda 0	assets/images/shop/g/manuscript-3.webp
100644 2dced5f0810119f45c3888aee210e72070856d34 0	assets/images/shop/g/merch-0.jpg
100644 714552c46dfac488f4eaf2e0b6ea3a594a3f2151 0	assets/images/shop/g/merch-0.webp
100644 00081617afe6bc76f815d77370f86687c5ab7a05 0	assets/images/shop/g/merch-1.jpg
100644 2c0b4e140fc4f18bf1f0d8b2aeba35f077ceeab1 0	assets/images/shop/g/merch-1.webp
100644 202cfa194f781def3dccee6089076caa1fd61658 0	assets/images/shop/g/merch-2.jpg
100644 c09e92efd563db3396df015ceddc8f36a2025738 0	assets/images/shop/g/merch-2.webp
100644 8e69bab5ab0bbab20f5d292aaf9db8af52d0dd79 0	assets/images/shop/g/merch-3.jpg
100644 378d07271a59e855c3371901a39cc9cf05c799ff 0	assets/images/shop/g/merch-3.webp
100644 f5686a474b0c60564604524b8d3e8c95315fd3b9 0	assets/images/shop/g/photobook-0.jpg
100644 8baa5c2eb4171a35224d5bda8a32a5bd1da2793e 0	assets/images/shop/g/photobook-0.webp
100644 2445643d2e5672c435f5724cc97967b5283e4325 0	assets/images/shop/g/photobook-1.jpg
100644 a41ff756dcdc8ffa84746fa29ef9b7dc596182bf 0	assets/images/shop/g/photobook-1.webp
100644 3ab1fdc0dd190c9c7bf46bc30376248fd82f0daa 0	assets/images/shop/g/photobook-2.jpg
100644 3891515a8a31574997b82da853fe346b3b7b7829 0	assets/images/shop/g/photobook-2.webp
100644 b64ffe91bb52c030d08048e1a8f5bb7fbaf54856 0	assets/images/shop/g/photobook-3.jpg
100644 85000f4e5df8b5cfcbcffb9e8f1c3eafa1ff610d 0	assets/images/shop/g/photobook-3.webp
100644 ee151da3cce0b48f9130eb8fd085a7d5f3c31992 0	assets/images/shop/g/pin-0.jpg
100644 59b27db4fd889affd62e245cc669bda15c0092ea 0	assets/images/shop/g/pin-0.webp
100644 bff3325854af6da8a3cb822e3526837713229e28 0	assets/images/shop/g/pin-1.jpg
100644 c2eeff96b5a9ffecdd74e4de8ab7828e65bebfd6 0	assets/images/shop/g/pin-1.webp
100644 718cf57d030d146f177077b55fefce4508d723de 0	assets/images/shop/g/pin-2.jpg
100644 0f1a1a142b5a529523c05f13cbdb6e3de60a001c 0	assets/images/shop/g/pin-2.webp
100644 6a2fa729f3ef5d73f040a3bb89d463832717eb60 0	assets/images/shop/g/pin-3.jpg
100644 88e94a0b4cfd9d1b0bb402dba38a67165fd5a2ec 0	assets/images/shop/g/pin-3.webp
100644 f326c1f6b49db73b1e9be38192efb73d263be84f 0	assets/images/shop/g/popcornbucket-0.jpg
100644 795a8fb642214b8d590be3f2213bbf95e4662f7f 0	assets/images/shop/g/popcornbucket-0.webp
100644 117db74c7e08ca9448bf353168d81c5b5a44df8b 0	assets/images/shop/g/popcornbucket-1.jpg
100644 6fba1411d708ad64af513cd38c8067d5566c2393 0	assets/images/shop/g/popcornbucket-1.webp
100644 92c795301161d5a629f25bee6eb7072e12707b50 0	assets/images/shop/g/popcornbucket-2.jpg
100644 9f5df05255bad5ea5ae5050ee7e9941f5ea4d52f 0	assets/images/shop/g/popcornbucket-2.webp
100644 01d2b9625637b63fc8c67cd0cc70ce1de09e8dc3 0	assets/images/shop/g/popcornbucket-3.jpg
100644 e03a27136d158385eafe8e30dd9972bdbd346e67 0	assets/images/shop/g/popcornbucket-3.webp
100644 26915f567cfc3b9f334acc5c58158e9e6bf44b49 0	assets/images/shop/g/postcard-0.jpg
100644 dd7ca162da4b9eacbe00e5a2748007447d44aee5 0	assets/images/shop/g/postcard-0.webp
100644 89f715ce5f04f34f7902a391f1815e05841b57c0 0	assets/images/shop/g/postcard-1.jpg
100644 9cc259de6dc87031fde349cc94441fbc853dea66 0	assets/images/shop/g/postcard-1.webp
100644 051b3aa151f45316262874b8890667491a0f0e54 0	assets/images/shop/g/postcard-2.jpg
100644 59ec5f2b3040cbbd7b67ade7f0afed9c9f82f92f 0	assets/images/shop/g/postcard-2.webp
100644 2fbe9f75dd9c21667349b066cf1f2eab6b6c927c 0	assets/images/shop/g/postcard-3.jpg
100644 233dce294ccdf86d1473bb98de3f8b2a75e9695d 0	assets/images/shop/g/postcard-3.webp
100644 8758918481d4b59263b3b385f45e1db9a6b1339a 0	assets/images/shop/g/poster-0.jpg
100644 60d9d696ba691c6cfb3b6f118ef08fc085caf8ba 0	assets/images/shop/g/poster-0.webp
100644 5a45deb3821c2ccb543cdf1c128e8c8b4062ca37 0	assets/images/shop/g/poster-1.jpg
100644 279608cec08343ac48c327925c72de1fb8a32fdf 0	assets/images/shop/g/poster-1.webp
100644 4071409313059c1ae6a2fa0f4438ba4e97be1041 0	assets/images/shop/g/poster-2.jpg
100644 b13458e331184727d21bab47f76b526a3a5a6a04 0	assets/images/shop/g/poster-2.webp
100644 702e423c32d8b83fc5e56d7a0fe02826ec010951 0	assets/images/shop/g/poster-3.jpg
100644 1ff8f49f46d507d8d513ad412070be46b4fb5cfa 0	assets/images/shop/g/poster-3.webp
100644 4c85000c270b451edf94133d29dca5787d348fbe 0	assets/images/shop/g/prop-0.jpg
100644 97fe50eda9dcaab5415e6d5ad7fee9789ba0a0a8 0	assets/images/shop/g/prop-0.webp
100644 1eb81ae8d7789bdcea7176efab7ac0ac4f52d47d 0	assets/images/shop/g/prop-1.jpg
100644 f475cdd24c1820e02e6f95cb0ed657a427f9bba2 0	assets/images/shop/g/prop-1.webp
100644 e5ea209ac7bd3875f169f6a6a3c9bb2c06e428a1 0	assets/images/shop/g/prop-2.jpg
100644 dbb0b52ceb0734339810f85cadc213321b2df493 0	assets/images/shop/g/prop-2.webp
100644 5f8f9888fd9f2bfd779bbe66bce07489b4eee39b 0	assets/images/shop/g/prop-3.jpg
100644 84c4a3c89f9cd443f9e6356c184e95504616aa51 0	assets/images/shop/g/prop-3.webp
100644 a333c52bfdfc1254b1b2784570921c3d8eca047c 0	assets/images/shop/g/tee-0.jpg
100644 76529b0c7ec6c46e0dd7682dd49e300297cc223e 0	assets/images/shop/g/tee-0.webp
100644 ce3411b47b2565dc3116d1ff89afe72c86a6de16 0	assets/images/shop/g/tee-1.jpg
100644 cc8ec49ca21023f4a35670d4747a7999287c3df6 0	assets/images/shop/g/tee-1.webp
100644 310632ff2e0c059fe1f50ba90f7022a44e4206c3 0	assets/images/shop/g/tee-2.jpg
100644 fea8f9a5c829102bea0053997e1e07e254398d80 0	assets/images/shop/g/tee-2.webp
100644 35f0652e8c7b7ad60cc16df19ac34452953c5c81 0	assets/images/shop/g/tee-3.jpg
100644 054825b3ea8d8a5f5f18e26b5d19badab21760b6 0	assets/images/shop/g/tee-3.webp
100644 cff484663e12ca1582ac73e5ee772e6d6dc72837 0	assets/images/shop/g/ticket-0.jpg
100644 db930df2a55adde3fba87190ceb66acd57279bbe 0	assets/images/shop/g/ticket-0.webp
100644 aeda4151e5a2ce8ad67e65e17c1860fc1f61e399 0	assets/images/shop/g/ticket-1.jpg
100644 cacbf0e4567297ba9362454a30e4f2f2a4dd4fca 0	assets/images/shop/g/ticket-1.webp
100644 c63c90399ae655746859f822baf2b72f12297b66 0	assets/images/shop/g/ticket-2.jpg
100644 af1fd6a4158160b0206e283c818f03834fa2b6a5 0	assets/images/shop/g/ticket-2.webp
100644 803102810278044a1068f078cda6a96588033139 0	assets/images/shop/g/ticket-3.jpg
100644 4a05f974871be5d9b73846c7ed5d7e9c314dd037 0	assets/images/shop/g/ticket-3.webp
100644 e90060c20589f86fc02a476212aeaa351565e340 0	assets/images/shop/g/vinyl-0.jpg
100644 fe5669311f3df4ed58ce1f3ae80ab56fb5caed13 0	assets/images/shop/g/vinyl-0.webp
100644 e7cc47da9f746437a1f2a446fcd98ca3bd5a01ca 0	assets/images/shop/g/vinyl-1.jpg
100644 f1f965a052fc4bbaf48a795d5024f2768b81f65c 0	assets/images/shop/g/vinyl-1.webp
100644 8cc7ed92cd59f91a20390af9a4f9049ee5fd1444 0	assets/images/shop/g/vinyl-2.jpg
100644 3f8aa8420926f9177171acbfd0af4a9fd997aede 0	assets/images/shop/g/vinyl-2.webp
100644 a639f74bfef91fac21025dd9656a489e6d5e46c6 0	assets/images/shop/g/vinyl-3.jpg
100644 83c51ff75d112ece53078ea2265dafe28eee8154 0	assets/images/shop/g/vinyl-3.webp
100644 a46ca57775b0460a6014b3315ae8645bd96f2e78 0	assets/images/shop/shop-hero.jpg
100644 21394282e1b538c050ce3233de1fa43e7f56f221 0	assets/images/shop/shop-hero.webp
100644 9324b9571b4fd8e82f8646c3270aeadd2ec58478 0	assets/mock-pay.js
100644 2aed19cb6689d714ccadf2b0226e570a03075f74 0	assets/refine-shop.css
100644 06d45758f6b1dfbfcdbae6d887087ee94e9262cf 0	assets/shop-data-auction.js
100644 451a8986ee2b3169968b1a20c63e7dc7bccbb7d8 0	assets/shop-data-creator-events.js
100644 5090e7347b62961737e2a47682ce6b36faa284f7 0	assets/shop-data-creator-posts.js
100644 40cf578544353f90fe01dc904f849a5775f2ec47 0	assets/shop-data-creators-a.js
100644 347a04e8ae666c7718cc9dbcd428d231243976af 0	assets/shop-data-creators-b.js
100644 fdb5d08bbba16621239cebe9525d621618a7f6a5 0	assets/shop-data-creators-c.js
100644 25844c5d7d0ecd6dd93679f1c7f8b81f657e62bb 0	assets/shop-data-detail.js
100644 847e02d30a42c3460595b55d44c5672334e9eea0 0	assets/shop-data-events.js
100644 e4007d25323e8a50ab0b3ae5a9d689128e49e3e7 0	assets/shop-data-extra.js
100644 8b43c8664bd295bdbc221e9696694638417b7fbf 0	assets/shop-data-fans.js
100644 baec0ef72298fa2634c60e7fcf632ba20e33379e 0	assets/shop-data-imgmap.js
100644 a33b74ac40b57217e5aaa4f00b4b98851c97a16e 0	assets/shop-data-popcorn.js
100644 10cb0b2e8996c5f8f6a96e0f11dd3c51383d7501 0	assets/shop-data-products.js
100644 144f7c4bbc1b7336b11920dee7a20e46f2f46c97 0	assets/shop-detail-render.js
100644 e2f0a34dae083f0d18efdcd531ea29e0d1243374 0	assets/shop-filter-sheet.js
100644 3bb8577c089243766b96f6f0eb07543ad2c59c1f 0	assets/shop-render.js
100644 b849e804d9988ed6ac5adfcb8cb2af0878f684e6 0	css/components/36-shop-hub.css
100644 d3fd2c5fe38eaf195a2841389786693d4c06d312 0	css/components/46-shop-filter-sheet.css
100644 47bc7691993e62ff33a51bd043e394cf97c21645 0	css/components/47-checkout.css
100644 d751c879ce30f625d76ee4f485f8f67298c65b68 0	css/components/shop-buybar.css
100644 c81c8e5f4df07616c1a7acd36aa1ffdf51105940 0	css/components/shop-detail.css
100644 00cac8cf394339d409c93d6d3f26933a77f6e2d3 0	css/components/shop-quickadd.css
100644 21e1949a2d5d5dc818090764b51dac29c26a4111 0	features/shop/browse-shop.md
100644 43c3ecb9c94d7680196ac49992348630267988ba 0	features/shop/bundle-product.md
100644 9a4aa8305d34bd1d85632f77ec4546bab3e53319 0	features/shop/checkout.md
100644 842379063e990ec8eab09d1bfb56657369121442 0	features/shop/product-detail.md
100644 097674c4983cca822425acfbc99b5604cb7181da 0	features/shop/quick-add.md
100644 da9e55b9d0d73c17eaf877778da1459f8e6c4173 0	features/shop/shopping-cart.md
100644 a6de96c5d3c98e16d38c6fa83bb041f2bec84e63 0	features/shop/wishlist.md
100644 f3e262035554e54585dc240371a833b433cd0afe 0	shop-auction.html
100644 19045535818fd044fc33847fc5c5d195d3afd02f 0	shop-creators.html
100644 178e6ed7c350221ccc562af22f718515a1af760f 0	shop-events.html
100644 59b71488fc777d9e1f00c64e27d098fc48a65a16 0	shop-item.html
100644 3630f16525ee95523a71053ea348b3093354dc5f 0	shop-popcorn.html
100644 81e555fa94dd692b11babc1c282d83ddae344039 0	shop.html
